created_at,book_code,customer_code,stars,content
2026-02-01T11:00:00+03:00,book_001,customer_001,5,Подробная книга о надежных системах
2026-02-02T12:15:00+03:00,book_002,customer_002,5,Отличный разбор возможностей Python
2026-02-03T13:20:00+03:00,book_003,customer_003,4,Хорошее введение в современный JavaScript
2026-02-04T14:25:00+03:00,book_004,customer_004,5,Наглядное объяснение алгоритмов
2026-02-05T15:30:00+03:00,book_005,customer_005,4,Полезная книга по улучшению кода
2026-02-06T16:35:00+03:00,book_006,customer_001,5,Сильная книга о чистом коде
2026-02-07T10:40:00+03:00,book_007,customer_006,5,Практичные советы для разработчика
2026-02-08T11:45:00+03:00,book_008,customer_007,4,Хорошая систематизация корпоративных паттернов
2026-02-09T12:50:00+03:00,book_009,customer_008,5,Практичная книга по React и современному JavaScript
2026-02-10T13:55:00+03:00,book_010,customer_009,4,Полезное пособие по SQL
2026-02-11T14:05:00+03:00,book_011,customer_010,5,Глубокое описание PostgreSQL
2026-02-12T15:10:00+03:00,book_012,customer_011,4,Хороший материал по паттернам .NET
2026-02-13T16:15:00+03:00,book_013,customer_012,5,Удобная книга по JavaScript и Node.js
2026-02-14T17:20:00+03:00,book_014,customer_013,4,Практичная книга по PHP
2026-02-15T18:25:00+03:00,book_015,customer_014,5,Объемное руководство по PHP
2026-02-16T19:30:00+03:00,book_016,customer_015,4,Понятные уроки для начинающих
