book_code,price,quantity,order_code
book_001,5200.00,1,order_001
book_010,1800.00,2,order_001
book_002,6100.00,1,order_002
book_003,4300.00,1,order_003
book_006,5400.00,1,order_004
book_004,4700.00,1,order_005
book_010,1800.00,1,order_006
book_007,4900.00,1,order_007
book_008,5600.00,1,order_007
book_009,2200.00,1,order_008
book_011,3200.00,1,order_008
book_012,2100.00,1,order_009
book_013,2400.00,2,order_010
book_014,1900.00,1,order_010
book_015,2800.00,1,order_011
book_016,1500.00,1,order_012
book_001,5200.00,1,order_012
book_002,6100.00,1,order_013
book_003,4300.00,1,order_013
book_004,4700.00,1,order_014
book_005,5800.00,1,order_014
book_006,5400.00,1,order_015
book_010,1800.00,2,order_015
book_011,3200.00,1,order_016
